{
    "AICards": [
        "{\n    \"AddCardRound\": 0,\n    \"AuraCurseCastIf\": \"\",\n    \"Card\": \"montgreatermultiplication\",\n    \"OnlyCastIf\": \"Always\",\n    \"PercentToCast\": 0.0,\n    \"Priority\": 20,\n    \"TargetCast\": \"Random\",\n    \"UnitsInDeck\": 1,\n    \"ValueCastIf\": 0.0\n}",
        "{\n    \"AddCardRound\": 0,\n    \"AuraCurseCastIf\": \"\",\n    \"Card\": \"montviciouscruncha\",\n    \"OnlyCastIf\": \"Always\",\n    \"PercentToCast\": 0.0,\n    \"Priority\": 10,\n    \"TargetCast\": \"Random\",\n    \"UnitsInDeck\": 1,\n    \"ValueCastIf\": 0.0\n}",
        "{\n    \"AddCardRound\": 0,\n    \"AuraCurseCastIf\": \"\",\n    \"Card\": \"monthoneclawsa\",\n    \"OnlyCastIf\": \"Always\",\n    \"PercentToCast\": 0.0,\n    \"Priority\": 0,\n    \"TargetCast\": \"Random\",\n    \"UnitsInDeck\": 1,\n    \"ValueCastIf\": 0.0\n}",
        "{\n    \"AddCardRound\": 0,\n    \"AuraCurseCastIf\": \"\",\n    \"Card\": \"montcautioushoppinga\",\n    \"OnlyCastIf\": \"Always\",\n    \"PercentToCast\": 0.0,\n    \"Priority\": 1,\n    \"TargetCast\": \"Random\",\n    \"UnitsInDeck\": 1,\n    \"ValueCastIf\": 0.0\n}",
        "{\n    \"AddCardRound\": 0,\n    \"AuraCurseCastIf\": \"\",\n    \"Card\": \"montboldhoppinga\",\n    \"OnlyCastIf\": \"Always\",\n    \"PercentToCast\": 0.0,\n    \"Priority\": 2,\n    \"TargetCast\": \"Random\",\n    \"UnitsInDeck\": 1,\n    \"ValueCastIf\": 0.0\n}"
    ],
    "AuraCurseImmune": [],
    "BaseMonster": "",
    "BigModel": false,
    "CardsInHand": 3,
    "Description": "",
    "Difficulty": -1,
    "Energy": 10,
    "EnergyTurn": 0,
    "ExperienceReward": 50,
    "Female": false,
    "FinishCombatOnDead": false,
    "FluffOffsetX": -0.10000000149011612,
    "FluffOffsetY": 3.299999952316284,
    "GameObjectAnimated": "conejo",
    "GoldReward": 50,
    "HellModeMob": "",
    "HitSound": "",
    "HP": 444,
    "ID": "greaterrabbit_plus",
    "IsBoss": false,
    "IsNamed": false,
    "NgPlusMob": "",
    "NPCName": "Greater Rabbit",
    "PosBottom": 0.0,
    "PreferredPosition": "Back",
    "ResistBlunt": 24,
    "ResistCold": 76,
    "ResistFire": 18,
    "ResistHoly": 50,
    "ResistLightning": 54,
    "ResistMind": 45,
    "ResistPiercing": 29,
    "ResistShadow": 75,
    "ResistSlashing": 18,
    "ScriptableObjectName": "Greater Rabbit",
    "Speed": 20,
    "Sprite": "",
    "SpritePortrait": "ConejoPortraitGrande",
    "SpriteSpeed": "ConejoPortraitPequeño",
    "TierMob": "T3",
    "TierReward": "8",
    "UpgradedMob": "",
    "GameObjectFlip": false,
    "GameObjectMakeBig": false,
    "GameObjectReplaceTexture": ""
}