{
    "AICards": [
        "{\n    \"AddCardRound\": 0,\n    \"AuraCurseCastIf\": \"\",\n    \"Card\": \"bunnyhoppingb\",\n    \"OnlyCastIf\": \"Always\",\n    \"PercentToCast\": 0.0,\n    \"Priority\": 0,\n    \"TargetCast\": \"Random\",\n    \"UnitsInDeck\": 1,\n    \"ValueCastIf\": 0.0\n}",
        "{\n    \"AddCardRound\": 0,\n    \"AuraCurseCastIf\": \"\",\n    \"Card\": \"rabidbiteb\",\n    \"OnlyCastIf\": \"Always\",\n    \"PercentToCast\": 0.0,\n    \"Priority\": 2,\n    \"TargetCast\": \"Random\",\n    \"UnitsInDeck\": 1,\n    \"ValueCastIf\": 0.0\n}",
        "{\n    \"AddCardRound\": 0,\n    \"AuraCurseCastIf\": \"\",\n    \"Card\": \"rapidmultiplicationb\",\n    \"OnlyCastIf\": \"Always\",\n    \"PercentToCast\": 0.0,\n    \"Priority\": 1,\n    \"TargetCast\": \"Random\",\n    \"UnitsInDeck\": 1,\n    \"ValueCastIf\": 0.0\n}"
    ],
    "AuraCurseImmune": [
        "shackle"
    ],
    "BaseMonster": "",
    "BigModel": false,
    "CardsInHand": 3,
    "Description": "",
    "Difficulty": -1,
    "Energy": 10,
    "EnergyTurn": 0,
    "ExperienceReward": 60,
    "Female": false,
    "FinishCombatOnDead": false,
    "FluffOffsetX": -0.10000000149011612,
    "FluffOffsetY": 3.299999952316284,
    "GameObjectAnimated": "conejo",
    "GoldReward": 48,
    "HellModeMob": "",
    "HitSound": "",
    "HP": 140,
    "ID": "rabbit_plus_b",
    "IsBoss": false,
    "IsNamed": false,
    "NgPlusMob": "",
    "NPCName": "Rabbit",
    "PosBottom": 0.0,
    "PreferredPosition": "Anywhere",
        "ResistBlunt": 24,
    "ResistCold": 76,
    "ResistFire": 18,
    "ResistHoly": 50,
    "ResistLightning": 54,
    "ResistMind": 45,
    "ResistPiercing": 29,
    "ResistShadow": 75,
    "ResistSlashing": 18,

    "ScriptableObjectName": "Rabbit",
    "Speed": 22,
    "Sprite": "",
    "SpritePortrait": "ConejoPortraitGrande",
    "SpriteSpeed": "ConejoPortraitPequeño",
    "TierMob": "T2",
    "TierReward": "6",
    "UpgradedMob": "",
    "GameObjectFlip": false,
    "GameObjectMakeBig": false,
    "GameObjectReplaceTexture": ""
}